acct_value,acct_name,acct_descp,acct_type,acct_sign,acct_doc,acct_summary,default_account,Nro Cta Superior
1.00.00.00,1.00.00.00 A C T I V O,A C T I V O,Asset,Natural,,Yes,,
1.01.00.00,1.01.00.00 ACTIVO CORRIENTE,ACTIVO CORRIENTE,Asset,Natural,,Yes,,1.00.00.00
1.01.01.00,1.01.01.00 DISPONIBILIDADES,DISPONIBILIDADES,Asset,Natural,,Yes,,1.01.00.00
1.01.01.01,1.01.01.01 CAJA EFECTIVO CENTRAL,CAJA EFECTIVO CENTRAL,Asset,Natural,,No,CB_ASSET_ACCT,1.01.01.00
1.01.01.02,1.01.01.02 CAJA COBRO GENERAL,CAJA COBRO GENERAL,Asset,Natural,,No,CB_RECEIPT_ACCT,1.01.01.00
1.01.01.03,1.01.01.03 CUENTA PUENTE DE COMPROBACION,CUENTA PUENTE DE COMPROBACION,,Natural,,No,SUSPENSEBALANCING_ACCT,1.01.01.00
1.01.01.04,1.01.01.04 BANCO CTA CTE $,BANCO CTA. CTE $,Asset,Natural,,No,B_ASSET_ACCT,1.01.01.00
1.01.01.05,1.01.01.05 CAJA GASTOS,CAJA GASTOS,Asset,Natural,,No,CB_EXPENSE_ACCT,1.01.01.00
1.01.01.06,1.01.01.06 DIFERENCIAS DE CAJA,DIFERENCIAS DE CAJA,Asset,Natural,,No,CB_DIFFERENCES_ACCT,1.01.01.00
1.01.01.07,1.01.01.07 CAJA MONEDA EXTRANJERA DOLARES,CAJA MONEDA EXTRANJERA DOLARES,Asset,Natural,,No,,1.01.01.00
1.01.01.08,1.01.01.08 DIFERENCIA DE CAJA,DIFERENCIA DE CAJA,Asset,Natural,,No,,1.01.01.00
1.01.01.09,1.01.01.09 COBROS BANCARIOS EN TRANSITO,COBROS BANCARIOS EN TRANSITO,Asset,Natural,,No,B_UNALLOCATEDCASH_ACCT,1.01.01.00
1.01.02.00,1.01.02.00 CREDITOS POR VENTAS,CREDITOS POR VENTAS,Asset,Natural,,Yes,,1.01.00.00
1.01.02.01,1.01.02.01 DEUDORES POR VENTAS,DEUDORES POR VENTAS,Asset,Natural,,No,C_RECEIVABLE_ACCT,1.01.02.00
1.01.02.02,1.01.02.02 VALORES AL COBRO,VALORES AL COBRO,Asset,Natural,,No,,1.01.02.00
1.01.02.03,1.01.02.03 VALORES A DEPOSITAR,VALORES A DEPOSITAR,Asset,Natural,,No,,1.01.02.00
1.01.02.04,1.01.02.04 CHEQUES RECHAZADOS,CHEQUES RECHAZADOS,Asset,Natural,,No,,1.01.02.00
1.01.02.05,1.01.02.05 ANTICIPO COMPRA DE RODADOS,ANTICIPO COMPRA DE RODADOS,Asset,Natural,,No,,1.01.02.00
1.01.02.06,1.01.02.06 CLIENTES EMPRESAS DEL GRUPO,CLIENTES EMPRESAS DEL GRUPO,Asset,Natural,,No,INTERCOMPANYDUEFROM_ACCT,1.01.02.00
1.01.03.00,1.01.03.00 CREDITOS FISCALES,CREDITOS FISCALES,Asset,Natural,,Yes,,1.01.00.00
1.01.03.01,1.01.03.01 IVA - CREDITO FISCAL,IVA - CREDITO FISCAL,Asset,Natural,,No,T_CREDIT_ACCT,1.01.03.00
1.01.03.04,1.01.03.04 IMP. A LAS GANANCIAS SDO. A FAVOR,IMP. A LAS GANANCIAS SDO. A FAVOR,Asset,Natural,,No,,1.01.03.00
1.01.03.05,1.01.03.05 RETENCIONES - IVA,RETENCIONES - IVA,Asset,Natural,,No,,1.01.03.00
1.01.03.06,1.01.03.06 PERCEPCIONES- IVA,PERCEPCIONES- IVA,Asset,Natural,,No,,1.01.03.00
1.01.03.07,1.01.03.07 RETENCIONES - INGRESOS BRUTOS,RETENCIONES - INGRESOS BRUTOS,Asset,Natural,,No,,1.01.03.00
1.01.03.08,1.01.03.08 RETENCIONES - IMP. GANANCIAS,RETENCIONES - IMP. GANANCIAS,Asset,Natural,,No,,1.01.03.00
1.01.03.09,1.01.03.09 ANTICIPO IMP. A LAS GANACIAS,ANTICIPO IMP. A LAS GANACIAS,Asset,Natural,,No,,1.01.03.00
1.01.03.10,1.01.03.10 PAGO A CTA. IVA LEY CHEQUE,PAGO A CTA. IVA LEY CHEQUE,Asset,Natural,,No,,1.01.03.00
1.01.03.11,1.01.03.11 PAGO A CTA IVA CARGAS SOCIALES,PAGO A CTA IVA CARGAS SOCIALES,Asset,Natural,,No,,1.01.03.00
1.01.03.12,1.01.03.12 ASIGNACIONES FAMILIARES,ASIGNACIONES FAMILIARES,Asset,Natural,,No,,1.01.03.00
1.01.03.14,1.01.03.14 SALDO A FAVOR ING.BRUTOS,SALDO A FAVOR ING.BRUTOS,Asset,Natural,,No,,1.01.03.00
1.01.03.16,1.01.03.16 RETENCION CCIO.E INDUSTRIA,RETENCION CCIO.E INDUSTRIA,Asset,Natural,,No,,1.01.03.00
1.01.03.18,1.01.03.18 RETENCION DE S.U.S.S,RETENCION DE S.U.S.S,Asset,Natural,,No,,1.01.03.00
1.01.03.19,1.01.03.19 BONOS FISCALES,BONOS FISCALES,Asset,Natural,,No,,1.01.03.00
1.01.03.20,1.01.03.20 IMP.CREDITO A CTA GANANCIAS,IMP.CREDITO A CTA GANANCIAS,Asset,Natural,,No,,1.01.03.00
1.01.03.21,1.01.03.21 RECAUDACIONES DE IIBB BANCO,RECAUDACIONES DE IIBB BANCO,Asset,Natural,,No,,1.01.03.00
1.01.03.22,1.01.03.22 TASA MUNICIPAL DE SEG. E HIGIENE,TASA MUNICIPAL DE SEG. E HIGIENE,Asset,Natural,,No,,1.01.03.00
1.01.03.23,1.01.03.23 PERCEPCION INGRESOS BRUTOS,PERCEPCION INGRESOS BRUTOS,Asset,Natural,,No,,1.01.03.00
1.01.03.24,1.01.03.24 PERCEPCION MUNICIPAL,PERCEPCION MUNICIPAL,Asset,Natural,,No,,1.01.03.00
1.01.04.00,1.01.04.00 OTROS CREDITOS,OTROS CREDITOS,Asset,Natural,,Yes,,1.01.00.00
1.01.04.04,1.01.04.04 DEUDORES VARIOS,DEUDORES VARIOS,Asset,Natural,,No,,1.01.04.00
1.01.08.00,1.01.08.00 BIENES DE CAMBIO,BIENES DE CAMBIO,Asset,Natural,,Yes,,1.01.00.00
1.01.08.01,1.01.08.01 MERCADERIA Y MATERIAS PRIMAS,MERCADERIA Y MATERIAS PRIMAS,Asset,Natural,,No,P_ASSET_ACCT,1.01.08.00
1.02.00.00,1.02.00.00 ACTIVO NO CORRIENTE,ACTIVO NO CORRIENTE,Asset,Natural,,Yes,,1.00.00.00
1.02.01.00,1.02.01.00 CREDITOS (NO CORRIENTES),CREDITOS (NO CORRIENTES),Asset,Natural,,Yes,,1.02.00.00
1.02.02.00,1.02.02.00 INVERSIONES,INVERSIONES,Asset,Natural,,Yes,,1.02.00.00
1.02.02.01,1.02.02.01 INVERSIONES,INVERSIONES,Asset,Natural,,No,,1.02.02.00
1.02.03.00,1.02.03.00 BIENES DE USO,BIENES DE USO,Asset,Natural,,Yes,,1.02.00.00
1.02.03.01,1.02.03.01 MUEBLES Y UTILES,MUEBLES Y UTILES,Asset,Natural,,No,,1.02.03.00
1.02.03.02,1.02.03.02 MAQUINAS Y EQUIPOS,MAQUINAS Y EQUIPOS,Asset,Natural,,No,,1.02.03.00
1.02.03.03,1.02.03.03 INSTALACIONES,INSTALACIONES,Asset,Natural,,No,,1.02.03.00
1.02.03.04,1.02.03.04 RODADOS,RODADOS,Asset,Natural,,No,,1.02.03.00
1.02.03.05,1.02.03.05 EQUIPOS DE COMPUTACION,EQUIPOS DE COMPUTACION,Asset,Natural,,No,,1.02.03.00
1.02.03.06,1.02.03.06 HERRAMIENTAS,HERRAMIENTAS,Asset,Natural,,No,,1.02.03.00
1.02.03.07,1.02.03.07 MEJORA INMUEBLE,MEJORA INMUEBLE,Asset,Natural,,No,,1.02.03.00
1.02.03.08,1.02.03.08 INMUEBLES,INMUEBLES,Asset,Natural,,No,,1.02.03.00
1.02.04.00,1.02.04.00 AMORTIZACIONES ACUMULADAS,AMORTIZACIONES ACUMULADAS,Asset,Natural,,Yes,,1.02.00.00
1.02.04.01,1.02.04.01 AMORT. ACUM. MUEBLES Y UTILES,AMORT. ACUM. MUEBLES Y UTILES,Asset,Natural,,No,,1.02.04.00
1.02.04.02,1.02.04.02 AMORT. ACUM. MAQUINAS Y EQUIPOS,AMORT. ACUM. MAQUINAS Y EQUIPOS,Asset,Natural,,No,,1.02.04.00
1.02.04.03,1.02.04.03 AMORT. ACUM. INSTALACIONES,AMORT. ACUM. INSTALACIONES,Asset,Natural,,No,,1.02.04.00
1.02.04.04,1.02.04.04 AMORT. ACUM. RODADOS,AMORT. ACUM. RODADOS,Asset,Natural,,No,,1.02.04.00
1.02.04.05,1.02.04.05 AMORT. ACUMULADA EQUIPOS COMPUT.,AMORT. ACUMULADA EQUIPOS COMPUT.,Asset,Natural,,No,,1.02.04.00
1.02.04.06,1.02.04.06 AMORT.ACUM.HERRAMIENTA,AMORT.ACUM.HERRAMIENTA,Asset,Natural,,No,,1.02.04.00
1.02.04.07,1.02.04.07 AMORT.ACUM.INMUEBLE,AMORT.ACUM.INMUEBLE,Asset,Natural,,No,,1.02.04.00
1.02.04.08,1.02.04.08 AMORT.ACUM.MEJORAS INMUEBLES,AMORT.ACUM.MEJORAS INMUEBLES,Asset,Natural,,No,,1.02.04.00
1.02.05.00,1.02.05.00 ACTIVOS INTANGIBLES,ACTIVOS INTANGIBLES,Asset,Natural,,Yes,,1.02.00.00
1.02.05.01,1.02.05.01 SOFTWARE,SOFTWARE,Asset,Natural,,No,,1.02.05.00
1.02.05.02,1.02.05.02 AMORTIZACION ACUMULADA SOFTWARE,AMORTIZACION ACUMULADA SOFTWARE,Liability,Natural,,No,,1.02.05.00
1.03.00.01,1.03.00.01 BALANCEO MONEDA EXTRANJERA,BALANCEO MONEDA EXTRANJERA,Asset,Natural,,No,CURRENCYBALANCING_ACCT,1.00.00.00
2.00.00.00,2.00.00.00 P A S I V O,P A S I V O,Liability,Natural,,Yes,,
2.01.00.00,2.01.00.00 PASIVO CORRIENTE,PASIVO CORRIENTE,Liability,Natural,,Yes,,2.00.00.00
2.01.01.00,2.01.01.00 DEUDAS COMERCIALES,DEUDAS COMERCIALES,Liability,Natural,,Yes,,2.01.00.00
2.01.01.01,2.01.01.01 PROVEEDORES - NACIONALES,PROVEEDORES - NACIONALES,Liability,Natural,,No,V_LIABILITY_ACCT,2.01.01.00
2.01.01.02,2.01.01.02 PROVEEDORES - COMERCIO EXTERIOR,PROVEEDORES - COMERCIO EXTERIOR,Liability,Natural,,No,,2.01.01.00
2.01.01.03,2.01.01.03 PROVEEDORES EN GESTION DE PAGOS,PROVEEDORES EN GESTION DE PAGOS,Liability,Natural,,No,B_PAYMENTSELECT_ACCT,2.01.01.00
2.01.01.04,2.01.01.04 PROVEEDORES EMPRESAS DEL GRUPO,PROVEEDORES EMPRESAS DEL GRUPO,Liability,Natural,,No,INTERCOMPANYDUETO_ACCT,2.01.01.00
2.01.01.06,2.01.01.06 PAGOS BANCARIOS EN TRANSITO,PAGOS BANCARIOS EN TRANSITO,Asset,Natural,,No,B_INTRANSIT_ACCT,2.01.01.00
2.01.01.07,2.01.01.07 PAGOS EN EFECTIVO EN TRANSITO,PAGOS EN EFECTIVO EN TRANSITO,Asset,Natural,,No,CB_CASHTRANSFER_ACCT,2.01.01.00
2.01.02.00,2.01.02.00 DEUDAS BANCARIAS,DEUDAS BANCARIAS,Liability,Natural,,Yes,,2.01.00.00
2.01.02.05,2.01.02.05 TARJETA DE CREDITO,TARJETA DE CREDITO,Liability,Natural,,No,,2.01.02.00
2.01.03.00,2.01.03.00 DEUDAS FISCALES,DEUDAS FISCALES,Liability,Natural,,Yes,,2.01.00.00
2.01.03.01,2.01.03.01 TASA COMERCIO E IND. A PAGAR,TASA COMERCIO E IND. A PAGAR,Liability,Natural,,No,,2.01.03.00
2.01.03.02,2.01.03.02 INGRESOS BRUTOS A PAGAR,INGRESOS BRUTOS A PAGAR,Liability,Natural,,No,,2.01.03.00
2.01.03.03,2.01.03.03 IVA A PAGAR,IVA A PAGAR,Liability,Natural,,No,,2.01.03.00
2.01.03.04,2.01.03.04 IVA - DEBITO FISCAL,IVA - DEBITO FISCAL,Liability,Natural,,No,T_DUE_ACCT,2.01.03.00
2.01.03.08,2.01.03.08 MORATORIA D.G.I.,MORATORIA D.G.I.,Liability,Natural,,No,,2.01.03.00
2.01.03.09,2.01.03.09 MORATORIA ING. BRUTOS,MORATORIA ING. BRUTOS,Liability,Natural,,No,,2.01.03.00
2.01.03.10,2.01.03.10 IMP. A LAS GANANCIAS A PAGAR,IMP. A LAS GANANCIAS A PAGAR,Liability,Natural,,No,,2.01.03.00
2.01.03.13,2.01.03.13 RETENCIONE DE GANANCIAS PRACTICADOS,RETENCIONE DE GANANCIAS PRACTICADOS,Liability,Natural,,No,,2.01.03.00
2.01.04.00,2.01.04.00 DEUDAS SOCIALES,DEUDAS SOCIALES,Liability,Natural,,Yes,,2.01.00.00
2.01.04.01,2.01.04.01 SUELDOS Y JORNALES A PAGAR,SUELDOS Y JORNALES A PAGAR,Liability,Natural,,No,,2.01.04.00
2.01.04.02,2.01.04.02 APORTES SEG. SOCIAL A PAGAR,APORTES SEG. SOCIAL A PAGAR,Liability,Natural,,No,,2.01.04.00
2.01.04.03,2.01.04.03 APORTES OBRA SOCIAL A PAGAR,APORTES OBRA SOCIAL A PAGAR,Liability,Natural,,No,,2.01.04.00
2.01.04.04,2.01.04.04 CONT. SEG. SOCIAL A PAGAR,CONT. SEG. SOCIAL A PAGAR,Liability,Natural,,No,,2.01.04.00
2.01.04.05,2.01.04.05 CONT. OBRA SOCIAL A PAGAR,CONT. OBRA SOCIAL A PAGAR,Liability,Natural,,No,,2.01.04.00
2.01.04.06,2.01.04.06 A.R.T A PAGAR,A.R.T A PAGAR,Liability,Natural,,No,,2.01.04.00
2.01.04.07,2.01.04.07 APORTES SINDICALES A PAGAR,APORTES SINDICALES A PAGAR,Liability,Natural,,No,,2.01.04.00
2.01.04.09,2.01.04.09 APORTES NO AFILIADO A PAGAR,APORTES NO AFILIADO A PAGAR,Liability,Natural,,No,,2.01.04.00
2.01.05.00,2.01.05.00 DEUDAS VARIAS,DEUDAS VARIAS,Liability,Natural,,Yes,,2.01.00.00
2.01.05.02,2.01.05.02 GASTOS A PAGAR,GASTOS A PAGAR,Liability,Natural,,No,,2.01.05.00
2.01.05.03,2.01.05.03 ACREEDORES VARIOS,ACREEDORES VARIOS,Liability,Natural,,No,,2.01.05.00
2.01.05.04,2.01.05.04 RET.IIBB A CARGAR,RET.IIBB A CARGAR,Liability,Natural,,No,,2.01.05.00
2.01.05.05,2.01.05.05 RET.IVA A CARGAR,RET.IVA A CARGAR,Liability,Natural,,No,,2.01.05.00
2.01.05.06,2.01.05.06 DEUDAS A CORTO PLAZO,DEUDAS A CORTO PLAZO,Liability,Natural,,No,NOTINVOICEDRECEIPTS_ACCT,2.01.00.00
2.02.00.00,2.02.00.00 PASIVO NO CORRIENTE,PASIVO NO CORRIENTE,Liability,Natural,,Yes,,2.00.00.00
2.02.01.00,2.02.01.00 DEUDAS COMERCIALES (N.C.),DEUDAS COMERCIALES (N.C.),Liability,Natural,,Yes,,2.02.00.00
2.02.02.00,2.02.02.00 DEUDAS FINANCIERAS (N.C.),DEUDAS FINANCIERAS (N.C.),Liability,Natural,,Yes,,2.02.00.00
2.02.03.00,2.02.03.00 DEUDAS IMPOSITIVAS (N.C.),DEUDAS IMPOSITIVAS (N.C.),Liability,Natural,,Yes,,2.02.00.00
2.02.03.01,2.02.03.01 DEUDA MORATORIA DGR,DEUDA MORATORIA DGR,Liability,Natural,,No,,2.02.03.00
3.00.00.00,3.00.00.00 PATRIMONIO NETO,PATRIMONIO NETO,Owner's Equity,Natural,,Yes,,
3.01.00.00,3.01.00.00 CAPITAL SOCIAL,CAPITAL SOCIAL,Owner's Equity,Natural,,Yes,,3.00.00.00
3.01.00.01,3.01.00.01 CAPITAL SOCIAL,CAPITAL SOCIAL,Owner's Equity,Natural,,No,,3.01.00.00
3.01.00.02,3.01.00.02 AJUSTE AL CAPITAL,AJUSTE AL CAPITAL,Owner's Equity,Natural,,No,,3.01.00.00
3.01.00.03,3.01.00.03 APORTE IRREVOCABLE DE CAPITAL,APORTE IRREVOCABLE DE CAPITAL,Owner's Equity,Natural,,No,,3.01.00.00
3.01.00.04,3.01.00.04 AJUSTE DE EJRC. ANTERIORES,AJUSTE DE EJRC. ANTERIORES,Owner's Equity,Natural,,No,,3.01.00.00
3.02.00.00,3.02.00.00 RESERVAS,RESERVAS,Owner's Equity,Natural,,Yes,,3.00.00.00
3.02.00.01,3.02.00.01 RESERVA LEGAL,RESERVA LEGAL,Owner's Equity,Natural,,No,,3.02.00.00
3.03.00.00,3.03.00.00 RESULTADOS,RESULTADOS,Owner's Equity,Natural,,Yes,,3.00.00.00
3.03.00.01,3.03.00.01 RESULTADO DEL EJERCICIO,RESULTADO DEL EJERCICIO,Owner's Equity,Natural,,No,,3.03.00.00
3.03.00.02,3.03.00.02 RESULTADOS NO ASIGNADOS,RESULTADOS NO ASIGNADOS,Owner's Equity,Natural,,No,,3.03.00.00
4.00.00.00,4.00.00.00 INGRESOS,INGRESOS,Revenue,Natural,,Yes,,
4.01.00.00,4.01.00.00 VENTAS,VENTAS,Revenue,Natural,,Yes,,4.00.00.00
4.01.01.00,4.01.01.00 VENTAS GRAVADAS,VENTAS GRAVADAS,Revenue,Natural,,No,P_REVENUE_ACCT,4.01.00.00
4.01.02.00,4.01.02.00 VENTAS EXENTAS,VENTAS EXENTAS,Revenue,Natural,,No,,4.01.00.00
4.02.00.00,4.02.00.00 SERVICIOS,SERVICIOS,Revenue,Natural,,Yes,,4.00.00.00
4.02.01.00,4.02.01.00 REPARACIONES,REPARACIONES,Revenue,Natural,,Yes,,4.02.00.00
4.03.00.00,4.03.00.00 OTROS INGRESOS,OTROS INGRESOS,Revenue,Natural,,Yes,,4.00.00.00
4.03.02.00,4.03.02.00 RECUPERO DE GASTOS,RECUPERO DE GASTOS,Revenue,Natural,,No,,4.03.00.00
4.03.04.00,4.03.04.00 REINTEGRO VENTA BS DE CAPITAL,REINTEGRO VENTA BS DE CAPITAL,Revenue,Natural,,No,,4.03.00.00
4.03.05.00,4.03.05.00 INTERESES GANANDOS,INTERESES GANANDOS,Revenue,Natural,,No,B_INTERESTREV_ACCT,4.03.00.00
4.03.07.00,4.03.07.00 VENTA DE RODADOS,VENTA DE RODADOS,Revenue,Natural,,No,,4.03.00.00
4.03.08.00,4.03.08.00 DIFERENCIAS POSITIVAS DE CAMBIO,DIFERENCIAS POSITIVAS DE CAMBIO,Revenue,Natural,,No,REALIZEDGAIN_ACCT,4.03.00.00
4.03.09.00,4.03.09.00 BENEFICIOS EN VALORES NEGOCIABLES,BENEFICIOS EN VALORES NEGOCIABLES,Revenue,Natural,,No,PPVOFFSET_ACCT,4.03.00.00
4.03.10.00,4.03.10.00 OTROS INGRESOS FINANCIEROS,OTROS INGRESOS FINANCIEROS,Revenue,Natural,,No,CH_REVENUE_ACCT,4.03.00.00
5.00.00.00,5.00.00.00 EGRESOS,EGRESOS,Expense,Natural,,Yes,,
5.01.00.00,5.01.00.00 COMPRAS,COMPRAS,Expense,Natural,,Yes,,5.00.00.00
5.01.01.00,5.01.01.00 COMPRAS PRODUCTOS DE REVENTA,COMPRAS PRODUCTOS DE REVENTA,Expense,Natural,,Yes,,5.01.00.00
5.01.01.01,5.01.01.01 COMPRA DE MERCADERIA,COMPRA DE MERCADERIA,Expense,Natural,,No,P_EXPENSE_ACCT,5.01.01.00
5.01.04.00,5.01.04.00 COSTO DE VENTA,COSTO DE VENTA,Expense,Natural,,Yes,,5.01.00.00
5.01.04.01,5.01.04.01 COSTO DE VENTA,COSTO DE VENTA,Expense,Natural,,No,P_COGS_ACCT,5.01.04.00
5.01.04.02,5.01.04.02 GASTOS DE FABRICACION,GASTOS DE FABRICACION,Expense,Natural,,No,,5.01.04.00
5.01.04.03,5.01.04.03 VARIACION DE EXISTENCIAS DE MERCADERIAS,VARIACION DE EXISTENCIAS DE MERCADERIAS,,Natural,,No,W_DIFFERENCES_ACCT,5.01.04.00
5.02.00.00,5.02.00.00 GASTOS DE PERSONAL,GASTOS DE PERSONAL,Expense,Natural,,Yes,,5.00.00.00
5.02.02.00,5.02.02.00 CARGAS SOCIALES,CARGAS SOCIALES,Expense,Natural,,No,,5.02.00.00
5.02.03.00,5.02.03.00 A.R.T,A.R.T,Expense,Natural,,No,,5.02.00.00
5.02.04.00,5.02.04.00 SEGURO COLECTIVO DE VIDA,SEGURO COLECTIVO DE VIDA,Expense,Natural,,No,,5.02.00.00
5.02.05.00,5.02.05.00 ESTUDIOS PREOCUPACIONALES,ESTUDIOS PREOCUPACIONALES,Expense,Natural,,No,,5.02.00.00
5.02.06.00,5.02.06.00 ROPA DE TRABAJO,ROPA DE TRABAJO,Expense,Natural,,No,,5.02.00.00
5.02.09.00,5.02.09.00 INDEMNIZACIONES,INDEMNIZACIONES,Expense,Natural,,No,,5.02.00.00
5.03.00.00,5.03.00.00 MANTENIMIENTO,MANTENIMIENTO,Expense,Natural,,Yes,,5.00.00.00
5.03.01.00,5.03.01.00 MANTENIMIENTO INMUEBLE,MANTENIMIENTO INMUEBLE,Expense,Natural,,No,,5.03.00.00
5.03.02.00,5.03.02.00 MANTENIMIENTO MAQUINARIAS Y EQUIPOS,MANTENIMIENTO MAQUINARIAS Y EQUIPOS,Expense,Natural,,No,,5.03.00.00
5.03.03.00,5.03.03.00 MANTENIMIENTO RODADOS,MANTENIMIENTO RODADOS,Expense,Natural,,No,,5.03.00.00
5.03.04.00,5.03.04.00 MANTENIMIENTO EQUIPOS DE COMPU.,MANTENIMIENTO EQUIPOS DE COMPU.,Expense,Natural,,No,,5.03.00.00
5.04.00.00,5.04.00.00 HONORARIOS,HONORARIOS,Expense,Natural,,Yes,,5.00.00.00
5.04.01.00,5.04.01.00 HONORARIOS COMERCIALIZACION,HONORARIOS COMERCIALIZACION,Expense,Natural,,No,,5.04.00.00
5.04.02.00,5.04.02.00 HONORARIOS CONTABLES,HONORARIOS CONTABLES,Expense,Natural,,No,,5.04.00.00
5.04.03.00,5.04.03.00 HONORARIOS SISTEMAS,HONORARIOS SISTEMAS,Expense,Natural,,No,,5.04.00.00
5.04.04.00,5.04.04.00 HONORARIOS LEGALES,HONORARIOS LEGALES,Expense,Natural,,No,,5.04.00.00
5.04.05.00,5.04.05.00 HONORARIOS VARIOS,HONORARIOS VARIOS,Expense,Natural,,No,,5.04.00.00
5.04.06.00,5.04.06.00 HONORARIOS ADMINISTRACION,HONORARIOS ADMINISTRACION,Expense,Natural,,No,,5.04.00.00
5.04.07.00,5.04.07.00 HONORARIOS DESPACHANTE,HONORARIOS DESPACHANTE,Expense,Natural,,No,,5.04.00.00
5.04.09.00,5.04.09.00 HONORARIOS RRHH,HONORARIOS RRHH,Expense,Natural,,No,,5.04.00.00
5.05.00.00,5.05.00.00 SERVICIOS,SERVICIOS,Expense,Natural,,Yes,,5.00.00.00
5.05.01.00,5.05.01.00 ENERGIA - ELECTRICIDAD,ENERGIA - ELECTRICIDAD,Expense,Natural,,No,,5.05.00.00
5.05.02.00,5.05.02.00 TELEFONIA FIJA,TELEFONIA FIJA,Expense,Natural,,No,,5.05.00.00
5.05.03.00,5.05.03.00 TELEFONIA MOVIL,TELEFONIA MOVIL,Expense,Natural,,No,,5.05.00.00
5.05.04.00,5.05.04.00 GAS,GAS,Expense,Natural,,No,,5.05.00.00
5.05.05.00,5.05.05.00 INTERNET,INTERNET,Expense,Natural,,No,,5.05.00.00
5.05.06.00,5.05.06.00 INFORMATICOS,INFORMATICOS,Expense,Natural,,No,,5.05.00.00
5.05.07.00,5.05.07.00 AGUA,AGUA,Expense,Natural,,No,,5.05.00.00
5.05.08.00,5.05.08.00 ALARMA,ALARMA,Expense,Natural,,No,,5.05.00.00
5.06.00.00,5.06.00.00 SEGUROS,SEGUROS,Expense,Natural,,Yes,,5.00.00.00
5.06.01.00,5.06.01.00 SEGUROS DE RODADOS,SEGUROS DE RODADOS,Expense,Natural,,No,,5.06.00.00
5.06.02.00,5.06.02.00 SEGURO DE INMUEBLES,SEGURO DE INMUEBLES,Expense,Natural,,No,,5.06.00.00
5.06.03.00,5.06.03.00 SEGUROS DE CAUCION,SEGUROS DE CAUCION,Expense,Natural,,No,,5.06.00.00
5.06.05.00,5.06.05.00 SEGURO CONTRA ACCIDENTES PERSONALES,SEGURO CONTRA ACCIDENTES PERSONALES,Expense,Natural,,No,,5.06.00.00
5.07.00.00,5.07.00.00 IMPUESTOS,IMPUESTOS,Expense,Natural,,Yes,,5.00.00.00
5.07.01.00,5.07.01.00 IMPUESTOS SOBRE VENTAS,IMPUESTOS SOBRE VENTAS,Expense,Natural,,Yes,,5.07.00.00
5.07.01.01,5.07.01.01 IMPUESTOS A LOS INGRESOS BRUTOS,IMPUESTOS A LOS INGRESOS BRUTOS,Expense,Natural,,No,,5.07.01.00
5.07.01.02,5.07.01.02 TASA COMERCIO E INDUSTRIA,TASA COMERCIO E INDUSTRIA,Expense,Natural,,No,,5.07.01.00
5.07.02.00,5.07.02.00 IMP. Y TASAS VARIAS,IMP. Y TASAS VARIAS,Expense,Natural,,Yes,,5.07.00.00
5.07.02.01,5.07.02.01 IMP.INMOBILIARIO,IMP.INMOBILIARIO,Expense,Natural,,No,,5.07.02.00
5.07.02.02,5.07.02.02 IMP. SOBRE RODADOS,IMP. SOBRE RODADOS,Expense,Natural,,No,,5.07.02.00
5.07.02.03,5.07.02.03 CONTRIBUCION AUTOMOTOR,CONTRIBUCION AUTOMOTOR,Expense,Natural,,No,,5.07.02.00
5.07.03.00,5.07.03.00 IMPUESTOS INTERNOS,IMPUESTOS INTERNOS,Expense,Natural,,Yes,,5.07.00.00
5.07.03.01,5.07.03.01 IMPUESTOS INTERNOS,IMPUESTOS INTERNOS,Expense,Natural,,No,,5.07.03.00
5.08.00.00,5.08.00.00 GASTOS FINANCIEROS,GASTOS FINANCIEROS,Expense,Natural,,Yes,,5.00.00.00
5.08.01.00,5.08.01.00 INTERESES BANCARIOS,INTERESES BANCARIOS,Expense,Natural,,No,B_INTERESTEXP_ACCT,5.08.00.00
5.08.02.00,5.08.02.00 INTERESES COMERCIALES,INTERESES COMERCIALES,Expense,Natural,,No,,5.08.00.00
5.08.03.00,5.08.03.00 INTERESES POR SERVICIOS,INTERESES POR SERVICIOS,Expense,Natural,,No,,5.08.00.00
5.08.04.00,5.08.04.00 INTERESES FISCALES,INTERESES FISCALES,Expense,Natural,,No,,5.08.00.00
5.08.05.00,5.08.05.00 GASTOS BANCARIOS,GASTOS BANCARIOS,Expense,Natural,,No,,5.08.00.00
5.08.06.00,5.08.06.00 COMISIONES BANCARIAS,COMISIONES BANCARIAS,Expense,Natural,,No,,5.08.00.00
5.08.07.00,5.08.07.00 IMPUESTO SOBRE DEBITOS Y CREDITOS,IMPUESTO SOBRE DEBITOS Y CREDITOS,Expense,Natural,,No,,5.08.00.00
5.08.08.00,5.08.08.00 GASTOS BANCARIOS POR COMISIONES DESCUENTO CHEQUES,GASTOS BANCARIOS POR COMISIONES DESCUENTO CHEQUES,Expense,Natural,,No,CH_EXPENSE_ACCT,5.08.00.00
5.08.11.00,5.08.11.00 DIFERENCIAS NEGATIVAS DE CAMBIO,DIFERENCIAS NEGATIVAS DE CAMBIO,Expense,Natural,,No,REALIZEDLOSS_ACCT,5.08.00.00
5.08.09.00,5.08.09.00 PERDIDAS DE CREDITOS,PERDIDAS DE CREDITOS,Expense,Natural,,No,P_INVOICEPRICEVARIANCE_ACCT,5.08.00.00
5.08.10.00,5.08.10.00 PERDIDAS PROCEDENTES DE VALORES NEGOCIABLES,PERDIDAS PROCEDENTES DE VALORES NEGOCIABLES,Expense,Natural,,No,P_PURCHASEPRICEVARIANCE_ACCT,5.08.00.00
5.09.00.00,5.09.00.00 OTROS GASTOS,OTROS GASTOS,Expense,Natural,,Yes,,5.00.00.00
5.09.01.00,5.09.01.00 FLETES,FLETES,Expense,Natural,,No,,5.09.00.00
5.09.02.00,5.09.02.00 CORREO ENCOMIENDAS,CORREO ENCOMIENDAS,Expense,Natural,,No,,5.09.00.00
5.09.03.00,5.09.03.00 MOVILIDAD Y VIATICOS,MOVILIDAD Y VIATICOS,Expense,Natural,,No,,5.09.00.00
5.09.04.00,5.09.04.00 REFRIGERIOS COMIDAS,REFRIGERIOS COMIDAS,Expense,Natural,,No,,5.09.00.00
5.09.05.00,5.09.05.00 COMBUSTIBLES Y LUBRICANTES,COMBUSTIBLES Y LUBRICANTES,Expense,Natural,,No,,5.09.00.00
5.09.06.00,5.09.06.00 GASTOS DE REPRESENTACION,GASTOS DE REPRESENTACION,Expense,Natural,,No,,5.09.00.00
5.09.07.00,5.09.07.00 ALQUILERES,ALQUILERES,Expense,Natural,,No,,5.09.00.00
5.09.08.00,5.09.08.00 LIBRERIA Y FOTOCOPIAS,LIBRERIA Y FOTOCOPIAS,Expense,Natural,,No,,5.09.00.00
5.09.10.00,5.09.10.00 TINTAS IMPRESORAS,TINTAS IMPRESORAS,Expense,Natural,,No,,5.09.00.00
5.09.11.00,5.09.11.00 TINTAS FOTOCOPIAS,TINTAS FOTOCOPIAS,Expense,Natural,,No,,5.09.00.00
5.09.12.00,5.09.12.00 INSUMOS COMPUTACION,INSUMOS COMPUTACION,Expense,Natural,,No,,5.09.00.00
5.09.13.00,5.09.13.00 IMPRENTA - GRAFICA,IMPRENTA - GRAFICA,Expense,Natural,,No,,5.09.00.00
5.09.14.00,5.09.14.00 INSUMOS PARA PINTURA DE INMUEBLES,INSUMOS PARA PINTURA DE INMUEBLES,Expense,Natural,,No,,5.09.00.00
5.09.15.00,5.09.15.00 EXPENSAS,EXPENSAS,Expense,Natural,,No,,5.09.00.00
5.09.15.01,5.09.15.01 PUBLICIDAD,PUBLICIDAD,Expense,Natural,,No,,5.09.00.00
5.09.16.00,5.09.16.00 GASTOS POR CHEQUES RECHAZADOS,GASTOS POR CHEQUES RECHAZADOS,Expense,Natural,,No,,5.09.00.00
5.09.17.00,5.09.17.00 CAPACITACION DEL PERSONAL,CAPACITACION DEL PERSONAL,Expense,Natural,,No,,5.09.00.00
5.09.20.00,5.09.20.00 RET. PERDIDAS DE ING.BRUTOS,RET. PERDIDAS DE ING.BRUTOS,Expense,Natural,,No,,5.09.00.00
5.09.21.00,5.09.21.00 COMISIONES SOBRE VENTAS,COMISIONES SOBRE VENTAS,Expense,Natural,,No,,5.09.00.00
5.09.22.00,5.09.22.00 RECARGA DE MATAFUEGOS,RECARGA DE MATAFUEGOS,Expense,Natural,,Yes,,5.09.00.00
5.09.23.00,5.09.23.00 ALQUILER LEASING,ALQUILER LEASING,Expense,Natural,,No,,5.09.00.00
5.09.99.00,5.09.99.00 GASTOS GENERALES,GASTOS GENERALES,Expense,Natural,,No,,5.09.00.00
5.10.00.00,5.10.00.00 DEPRECIACIONES,DEPRECIACIONES,Expense,Natural,,Yes,,5.00.00.00
5.10.01.00,5.10.01.00 DEPREC. MUEBLES Y UTILES,DEPREC. MUEBLES Y UTILES,Expense,Natural,,No,,5.10.00.00
5.10.02.00,5.10.02.00 DEPREC. INSTALACIONES,DEPREC. INSTALACIONES,Expense,Natural,,No,,5.10.00.00
5.10.03.00,5.10.03.00 DEP. RODADOS,DEP. RODADOS,Expense,Natural,,No,,5.10.00.00
5.10.04.00,5.10.04.00 DEP. NAQ. Y EQUIPOS,DEP. NAQ. Y EQUIPOS,Expense,Natural,,No,,5.10.00.00
5.10.05.00,5.10.05.00 DEP. EQUIPOS DE COMP.,DEP. EQUIPOS DE COMP.,Expense,Natural,,No,,5.10.00.00
5.10.06.00,5.10.06.00 AMORTIZACION ACTIVOS INTANGIBLES,AMORTIZACION ACTIVOS INTANGIBLES,Expense,Natural,,No,,5.10.00.00
5.10.07.00,5.10.07.00 DEPRECIACION BIENES DE USO,DEPRECIACION BIENES DE USO,Expense,Natural,,No,,5.10.00.00
5.11.00.00,5.11.00.00 RESULTADOS FINANCIEROS Y POR TENENC,RESULTADOS FINANCIEROS Y POR TENENC,Expense,Natural,,Yes,,5.00.00.00
5.12.00.00,5.12.00.00 DEUDORES INCOBRABLES,DEUDORES INCOBRABLES,Expense,Natural,,No,,5.00.00.00
